{"20":[[0.7400734262954908,0.17883144329938594],[0.18927172661429548,0.6271683564105358],[0.9738002412845506,0.11686827903973407],[0.14826822099383163,0.06527229084507236],[0.941639291755203,0.19866984635313112],[0.47015789604112257,0.03642887048892163],[0.48241358961585035,0.6322768750425435],[0.7354233132824207,0.4322692750718081],[0.832281083454358,0.8582300031664537],[0.7044919864180035,0.9293917404257097],[0.5044406043082922,0.7865971366911344],[0.12773650127736813,0.553586570899795],[0.2178852134936432,0.2644177830789285],[0.19834211273817326,0.5918044662559353],[0.39396757459092957,0.8493703761346475],[0.04869129734136013,0.5636363003756374],[0.7181038876624892,0.848437258770812],[0.774004150186345,0.8487627826208982],[0.22106126318154895,0.2653394068798648],[0.418469923388606,0.6132515059454562]],"30":[[0.9646666509598857,0.3425975055030567],[0.15980221167498132,0.6035663310380458],[0.3735662728023543,0.23237150860367828],[0.5869620105446401,0.33262325333221343],[0.8576471155647521,0.2580283040821446],[0.8162370986795018,0.14555464032217547],[0.8364790883518226,0.31953262557189177],[0.6946973421074278,0.9481638613954632],[0.2592211243753033,0.215002941854204],[0.6922200644063213,0.5188750167463484],[0.11845558798073441,0.2568547386386406],[0.12300711177352575,0.36455681486834324],[0.17507364376611267,0.42507572325324494],[0.9678524356254458,0.16641329643541092],[0.8749939975319446,0.4368701029958062],[0.50202956003138,0.05416271235191972],[0.7425218822887188,0.8391265282736334],[0.07027230924767958,0.9202091667983493],[0.37839455840000435,0.34969330253260145],[0.6354479360354766,0.10243645669665902],[0.4593517969290887,0.009692706846044286],[0.5861214980533289,0.6578894000853691],[0.32028837445685465,0.5189631832453334],[0.6710426224007217,0.9652065677713954],[0.34775548298198977,0.1903004229580858],[0.6528415857788601,0.6244278606368318],[0.3323184659686461,0.19554385814127617],[0.976995908033145,0.9380724124994417],[0.7103659027050907,0.38251884984270323],[0.3977191193059868,0.4423675802652641]],"50":[[0.2913400069022365,0.710119231007729],[0.4666791571695168,0.7837694038138404],[0.5868506848443119,0.9993923493509514],[0.6212269434712079,0.14789389030710276],[0.6623406840714968,0.28035115345280015],[0.4396366025296997,0.7908881741639628],[0.13511966569687206,0.8157390236096853],[0.023275104640224753,0.02578999674482485],[0.07637374301430666,0.4339011065178433],[0.7069971046709791,0.9116018854765622],[0.4882199965527614,0.12829300519271325],[0.9777411851770753,0.16170577618376147],[0.07261519448098719,0.9166641226810923],[0.7774311128502323,0.9493589854169663],[0.4483948486307122,0.3118421100903327],[0.19175142455116878,0.32198407276251495],[0.984073929021072,0.6232462416627748],[0.672387559696005,0.10113606921042662],[0.7144377768988359,0.7190985046223096],[0.3443292915607864,0.024546165054121438],[0.17072344371458548,0.7467756256230684],[0.20906377923870434,0.10116508788855871],[0.3772584600607066,0.6970868943892405],[0.2097962648199393,0.5947290005323815],[0.9553643150622297,0.2111003033687432],[0.5589058676122556,0.8644542849474711],[0.9816301274139159,0.9228443742899471],[0.3790909733276684,0.7506767162793049],[0.15746824391243708,0.758769772645051],[0.4217002760001106,0.04432524390594861],[0.4888725967591657,0.9020031075477188],[0.5131531711849538,0.05873987385360313],[0.3869709901911811,0.6764974966808339],[0.3905194150555221,0.2387026191503938],[0.2653641070151007,0.3804163385317141],[0.16604258531446925,0.956736153469087],[0.8818429859229469,0.8401301598106958],[0.8030916311431093,0.6476843301115525],[0.9959918428470259,0.8127228281574698],[0.9112488416691717,0.722823357115621],[0.7655826227307904,0.348629332255994],[0.8978551857286272,0.44455941358055473],[0.34452781273373767,0.5015125566954999],[0.10770786203336435,0.2543167725281037],[0.02006671466909571,0.7183805819024703],[0.9933985643213524,0.8254133710960633],[0.8480383888988541,0.6988952666192917],[0.23146064341070538,0.4342487784567536],[0.33670353476608805,0.2221424764957658],[0.038612845621857184,0.10809086455542338]]}