{"10":[[0.7193934401584037,0.10990869054992403],[0.3812429326427065,0.2497642997968672],[0.3534009630722732,0.2788483356434325],[0.3232065669014811,0.9721920483023127],[0.8756305137759701,0.6160924001508232],[0.30139780905692914,0.026242952629183303],[0.7201604872538236,0.6298730579191708],[0.26396186032200086,0.3015634679729904],[0.38569665996312297,0.38618826415288743],[0.02140359088739474,0.49745676323437793]],"20":[[0.5847589099590224,0.14019626961446396],[0.6509184103023228,0.5747688050141796],[0.4520771171787027,0.051946984452571066],[0.14899868029415508,0.9983813038485319],[0.8428843317723308,0.8472339145522029],[0.6298497385384331,0.7617556696287964],[0.7766797026342046,0.8925686511799933],[0.4050023803559968,0.5018711006839762],[0.7232452077069207,0.4052601415140865],[0.715840391525233,0.04323283526715582],[0.10949854984080465,0.3129115129260376],[0.2115543485585174,0.21081042890165425],[0.6292785743566255,0.0428550351301169],[0.8692215897815851,0.9100736704501806],[0.42323121286516385,0.883209470518959],[0.8284800884827443,0.774372366400144],[0.9663532567999057,0.15318635925205282],[0.42587944382032494,0.9774819053668251],[0.2897046525258353,0.2209893652816738],[0.4013077463505028,0.020027673145729286]],"5":[[0.8647026104620665,0.6600511289988668],[0.12814462278382566,0.65781040179058],[0.4921806711459329,0.8397475977463014],[0.7030229909457365,0.7249538227833713],[0.40446857239743617,0.8020965371300011]]}